first_name, last_name, birthts,image_path
Susan, Lee, 612302400000,
,,,02-src-data/1000.png
Rosa, Garcia, 670626000000,
,,,02-src-data/1001.png
Nathan, Emery, 697237200000,
,,,02-src-data/1002.png
Vernon, Evans, 633733200000,
,,,02-src-data/1003.png
Maria, Crooks, 1051214400000,
,,,02-src-data/1004.png
Sharon, Lang, 700606800000,
,,,02-src-data/1005.png
Rick, Mayfield, 412549200000,
,,,02-src-data/1006.png
Eddie, Baumbach, 874526400000,
,,,02-src-data/1007.png
Coletta, Haring, 768081600000,
,,,02-src-data/1008.png
Margaret, Smith, 388612800000,
,,,02-src-data/1009.png
James, Martin, 879627600000,
,,,02-src-data/1010.png
Glen, Martin, 636066000000,
,,,02-src-data/1011.png
Debbie, Mooney, 423086400000,
,,,02-src-data/1012.png
Shaneka, Cook, 752533200000,
,,,02-src-data/1013.png
Kim, Moore, 403218000000,
,,,02-src-data/1014.png
Lorraine, Bingham, 891288000000,
,,,02-src-data/1015.png
Betty, Partin, 467240400000,
,,,02-src-data/1016.png
Lewis, Erickson, 642283200000,
,,,02-src-data/1017.png
Jenee, Crouse, 429566400000,
,,,02-src-data/1018.png
Wendy, Jarrette, 650145600000,
,,,02-src-data/1019.png
Becky, Hanner, 883429200000,
,,,02-src-data/1020.png
Ray, Nunes, 352501200000,
,,,02-src-data/1021.png
John, Rose, 919630800000,
,,,02-src-data/1022.png
Michael, Diaz, 630277200000,
,,,02-src-data/1023.png
William, Quick, 340059600000,
,,,02-src-data/1024.png
Dino, Miller, 1074805200000,
,,,02-src-data/1025.png
James, Henry, 954705600000,
,,,02-src-data/1026.png
Gregory, Pittman, 398894400000,
,,,02-src-data/1027.png
Martha, Burwell, 503269200000,
,,,02-src-data/1028.png
Jimmy, Deane, 947365200000,
,,,02-src-data/1029.png
Kathleen, Gittens, 921272400000,
,,,02-src-data/1030.png
Sidney, Woods, 865972800000,
,,,02-src-data/1031.png
Robert, David, 666997200000,
,,,02-src-data/1032.png
Jeanne, Shoup, 1018468800000,
,,,02-src-data/1033.png
Brenda, Croyle, 788302800000,
,,,02-src-data/1034.png
Adolph, Raymond, 955915200000,
,,,02-src-data/1035.png
Ellen, Folkers, 821394000000,
,,,02-src-data/1036.png
Patrick, Newell, 853794000000,
,,,02-src-data/1037.png
Mary, Roman, 750891600000,
,,,02-src-data/1038.png
Danielle, Robinson, 887230800000,
,,,02-src-data/1039.png
Clara, Kimble, 765403200000,
,,,02-src-data/1040.png
David, Bailey, 1062446400000,
,,,02-src-data/1041.png
James, Nance, 1063051200000,
,,,02-src-data/1042.png
John, Ramage, 378507600000,
,,,02-src-data/1043.png
Christopher, Hardin, 785883600000,
,,,02-src-data/1044.png
Suzanne, Ferguson, 812581200000,
,,,02-src-data/1045.png
Margaret, Diaz, 942872400000,
,,,02-src-data/1046.png
Kenneth, Osborn, 793918800000,
,,,02-src-data/1047.png
Larry, Sanchez, 1068930000000,
,,,02-src-data/1048.png
Brian, Brown, 814050000000,
,,,02-src-data/1049.png
Warren, Green, 443048400000,
,,,02-src-data/1050.png
Janet, Chavarria, 1087588800000,
,,,02-src-data/1051.png
Carolyn, Seymore, 385851600000,
,,,02-src-data/1052.png
Dorothy, Massey, 356990400000,
,,,02-src-data/1053.png
Melissa, Denny, 482011200000,
,,,02-src-data/1054.png
Jaclyn, Adams, 614635200000,
,,,02-src-data/1055.png
Frances, Visher, 906580800000,
,,,02-src-data/1056.png
Chad, Miller, 971208000000,
,,,02-src-data/1057.png
Olivia, Stout, 690674400000,
,,,02-src-data/1058.png
Wallace, Miller, 821134800000,
,,,02-src-data/1059.png
Judith, Hatchett, 925070400000,
,,,02-src-data/1060.png
Madelyn, Oliver, 936907200000,
,,,02-src-data/1061.png
Robert, Kirk, 506552400000,
,,,02-src-data/1062.png
Stephanie, Nelson, 476571600000,
,,,02-src-data/1063.png
Barbara, Blankenship, 655506000000,
,,,02-src-data/1064.png
Matthew, Bloom, 531176400000,
,,,02-src-data/1065.png
Jeffrey, Mcdonald, 686091600000,
,,,02-src-data/1066.png
Joseph, Carter, 1081713600000,
,,,02-src-data/1067.png
Eloy, Florentino, 848005200000,
,,,02-src-data/1068.png
David, Myles, 432676800000,
,,,02-src-data/1069.png
Elizabeth, Hoover, 334702800000,
,,,02-src-data/1070.png
Jerome, Weaver, 1008795600000,
,,,02-src-data/1071.png
Morris, Hall, 407019600000,
,,,02-src-data/1072.png
Myrtle, Ferro, 840830400000,
,,,02-src-data/1073.png
Gisela, Patterson, 464990400000,
,,,02-src-data/1074.png
Stacey, Bishop, 493848000000,
,,,02-src-data/1075.png
Ray, Goins, 933451200000,
,,,02-src-data/1076.png
Blake, Dickerson, 508107600000,
,,,02-src-data/1077.png
David, May, 601074000000,
,,,02-src-data/1078.png
Cindy, Wilcox, 1021060800000,
,,,02-src-data/1079.png
Mary, Nelson, 518644800000,
,,,02-src-data/1080.png
Amy, Smith, 785710800000,
,,,02-src-data/1081.png
Joseph, Denton, 463089600000,
,,,02-src-data/1082.png
Keith, Wiggin, 461707200000,
,,,02-src-data/1083.png
Jody, Hochmuth, 752446800000,
,,,02-src-data/1084.png
Beverly, Livesey, 739224000000,
,,,02-src-data/1085.png
Nicole, Pharr, 884552400000,
,,,02-src-data/1086.png
Aaron, Fox, 1090094400000,
,,,02-src-data/1087.png
Rachel, Robinson, 528148800000,
,,,02-src-data/1088.png
Leah, Costales, 1072472400000,
,,,02-src-data/1089.png
Thomas, Williams, 946501200000,
,,,02-src-data/1090.png
Opal, Morse, 463780800000,
,,,02-src-data/1091.png
Alan, Mcgraw, 469054800000,
,,,02-src-data/1092.png
Aaron, Towe, 877809600000,
,,,02-src-data/1093.png
Cecil, Struck, 416437200000,
,,,02-src-data/1094.png
Corey, Davis, 1054411200000,
,,,02-src-data/1095.png
James, Peacock, 503442000000,
,,,02-src-data/1096.png
John, Bausch, 1013029200000,
,,,02-src-data/1097.png
Maria, Horton, 702504000000,
,,,02-src-data/1098.png
Samuel, Ladner, 815259600000,
,,,02-src-data/1099.png
